[{"model": "admin.logentry", "pk": 1, "fields": {"action_time": "2021-12-20T14:08:51.295Z", "user": 1, "content_type": 8, "object_id": "1", "object_repr": "admin", "action_flag": 2, "change_message": "[{\"changed\": {\"fields\": [\"First name\"]}}]"}}, {"model": "admin.logentry", "pk": 2, "fields": {"action_time": "2021-12-25T17:26:22.078Z", "user": 1, "content_type": 7, "object_id": "5", "object_repr": "лампа (Модерн)", "action_flag": 1, "change_message": "[{\"added\": {}}]"}}, {"model": "admin.logentry", "pk": 3, "fields": {"action_time": "2021-12-25T17:27:28.791Z", "user": 1, "content_type": 7, "object_id": "6", "object_repr": "Стул белый (Офис)", "action_flag": 1, "change_message": "[{\"added\": {}}]"}}, {"model": "admin.logentry", "pk": 4, "fields": {"action_time": "2021-12-25T17:28:16.243Z", "user": 1, "content_type": 7, "object_id": "7", "object_repr": "Бра (Дом)", "action_flag": 1, "change_message": "[{\"added\": {}}]"}}, {"model": "admin.logentry", "pk": 5, "fields": {"action_time": "2022-01-26T12:15:28.071Z", "user": 1, "content_type": 7, "object_id": "7", "object_repr": "Бра (Дом)", "action_flag": 2, "change_message": "[{\"changed\": {\"fields\": [\"\\u041a\\u043e\\u043b\\u0438\\u0447\\u0435\\u0441\\u0442\\u0432\\u043e \\u043d\\u0430 \\u0441\\u043a\\u043b\\u0430\\u0434\\u0435\"]}}]"}}, {"model": "admin.logentry", "pk": 6, "fields": {"action_time": "2022-01-26T12:15:42.946Z", "user": 1, "content_type": 7, "object_id": "7", "object_repr": "Бра (Дом)", "action_flag": 2, "change_message": "[{\"changed\": {\"fields\": [\"\\u041a\\u043e\\u043b\\u0438\\u0447\\u0435\\u0441\\u0442\\u0432\\u043e \\u043d\\u0430 \\u0441\\u043a\\u043b\\u0430\\u0434\\u0435\"]}}]"}}, {"model": "admin.logentry", "pk": 7, "fields": {"action_time": "2022-01-26T12:16:31.857Z", "user": 1, "content_type": 7, "object_id": "7", "object_repr": "Бра (Дом)", "action_flag": 2, "change_message": "[{\"changed\": {\"fields\": [\"\\u0410\\u043a\\u0442\\u0438\\u0432\\u043d\\u044b\\u0439\"]}}]"}}, {"model": "admin.logentry", "pk": 8, "fields": {"action_time": "2022-01-26T12:16:41.749Z", "user": 1, "content_type": 7, "object_id": "7", "object_repr": "Бра (Дом)", "action_flag": 2, "change_message": "[{\"changed\": {\"fields\": [\"\\u0410\\u043a\\u0442\\u0438\\u0432\\u043d\\u044b\\u0439\"]}}]"}}, {"model": "auth.permission", "pk": 1, "fields": {"name": "Can add log entry", "content_type": 1, "codename": "add_logentry"}}, {"model": "auth.permission", "pk": 2, "fields": {"name": "Can change log entry", "content_type": 1, "codename": "change_logentry"}}, {"model": "auth.permission", "pk": 3, "fields": {"name": "Can delete log entry", "content_type": 1, "codename": "delete_logentry"}}, {"model": "auth.permission", "pk": 4, "fields": {"name": "Can view log entry", "content_type": 1, "codename": "view_logentry"}}, {"model": "auth.permission", "pk": 5, "fields": {"name": "Can add permission", "content_type": 2, "codename": "add_permission"}}, {"model": "auth.permission", "pk": 6, "fields": {"name": "Can change permission", "content_type": 2, "codename": "change_permission"}}, {"model": "auth.permission", "pk": 7, "fields": {"name": "Can delete permission", "content_type": 2, "codename": "delete_permission"}}, {"model": "auth.permission", "pk": 8, "fields": {"name": "Can view permission", "content_type": 2, "codename": "view_permission"}}, {"model": "auth.permission", "pk": 9, "fields": {"name": "Can add group", "content_type": 3, "codename": "add_group"}}, {"model": "auth.permission", "pk": 10, "fields": {"name": "Can change group", "content_type": 3, "codename": "change_group"}}, {"model": "auth.permission", "pk": 11, "fields": {"name": "Can delete group", "content_type": 3, "codename": "delete_group"}}, {"model": "auth.permission", "pk": 12, "fields": {"name": "Can view group", "content_type": 3, "codename": "view_group"}}, {"model": "auth.permission", "pk": 13, "fields": {"name": "Can add content type", "content_type": 4, "codename": "add_contenttype"}}, {"model": "auth.permission", "pk": 14, "fields": {"name": "Can change content type", "content_type": 4, "codename": "change_contenttype"}}, {"model": "auth.permission", "pk": 15, "fields": {"name": "Can delete content type", "content_type": 4, "codename": "delete_contenttype"}}, {"model": "auth.permission", "pk": 16, "fields": {"name": "Can view content type", "content_type": 4, "codename": "view_contenttype"}}, {"model": "auth.permission", "pk": 17, "fields": {"name": "Can add session", "content_type": 5, "codename": "add_session"}}, {"model": "auth.permission", "pk": 18, "fields": {"name": "Can change session", "content_type": 5, "codename": "change_session"}}, {"model": "auth.permission", "pk": 19, "fields": {"name": "Can delete session", "content_type": 5, "codename": "delete_session"}}, {"model": "auth.permission", "pk": 20, "fields": {"name": "Can view session", "content_type": 5, "codename": "view_session"}}, {"model": "auth.permission", "pk": 21, "fields": {"name": "Can add product category", "content_type": 6, "codename": "add_productcategory"}}, {"model": "auth.permission", "pk": 22, "fields": {"name": "Can change product category", "content_type": 6, "codename": "change_productcategory"}}, {"model": "auth.permission", "pk": 23, "fields": {"name": "Can delete product category", "content_type": 6, "codename": "delete_productcategory"}}, {"model": "auth.permission", "pk": 24, "fields": {"name": "Can view product category", "content_type": 6, "codename": "view_productcategory"}}, {"model": "auth.permission", "pk": 25, "fields": {"name": "Can add product", "content_type": 7, "codename": "add_product"}}, {"model": "auth.permission", "pk": 26, "fields": {"name": "Can change product", "content_type": 7, "codename": "change_product"}}, {"model": "auth.permission", "pk": 27, "fields": {"name": "Can delete product", "content_type": 7, "codename": "delete_product"}}, {"model": "auth.permission", "pk": 28, "fields": {"name": "Can view product", "content_type": 7, "codename": "view_product"}}, {"model": "auth.permission", "pk": 29, "fields": {"name": "Can add user", "content_type": 8, "codename": "add_shopuser"}}, {"model": "auth.permission", "pk": 30, "fields": {"name": "Can change user", "content_type": 8, "codename": "change_shopuser"}}, {"model": "auth.permission", "pk": 31, "fields": {"name": "Can delete user", "content_type": 8, "codename": "delete_shopuser"}}, {"model": "auth.permission", "pk": 32, "fields": {"name": "Can view user", "content_type": 8, "codename": "view_shopuser"}}, {"model": "auth.permission", "pk": 33, "fields": {"name": "Can add basket", "content_type": 9, "codename": "add_basket"}}, {"model": "auth.permission", "pk": 34, "fields": {"name": "Can change basket", "content_type": 9, "codename": "change_basket"}}, {"model": "auth.permission", "pk": 35, "fields": {"name": "Can delete basket", "content_type": 9, "codename": "delete_basket"}}, {"model": "auth.permission", "pk": 36, "fields": {"name": "Can view basket", "content_type": 9, "codename": "view_basket"}}, {"model": "auth.permission", "pk": 37, "fields": {"name": "Can add association", "content_type": 10, "codename": "add_association"}}, {"model": "auth.permission", "pk": 38, "fields": {"name": "Can change association", "content_type": 10, "codename": "change_association"}}, {"model": "auth.permission", "pk": 39, "fields": {"name": "Can delete association", "content_type": 10, "codename": "delete_association"}}, {"model": "auth.permission", "pk": 40, "fields": {"name": "Can view association", "content_type": 10, "codename": "view_association"}}, {"model": "auth.permission", "pk": 41, "fields": {"name": "Can add code", "content_type": 11, "codename": "add_code"}}, {"model": "auth.permission", "pk": 42, "fields": {"name": "Can change code", "content_type": 11, "codename": "change_code"}}, {"model": "auth.permission", "pk": 43, "fields": {"name": "Can delete code", "content_type": 11, "codename": "delete_code"}}, {"model": "auth.permission", "pk": 44, "fields": {"name": "Can view code", "content_type": 11, "codename": "view_code"}}, {"model": "auth.permission", "pk": 45, "fields": {"name": "Can add nonce", "content_type": 12, "codename": "add_nonce"}}, {"model": "auth.permission", "pk": 46, "fields": {"name": "Can change nonce", "content_type": 12, "codename": "change_nonce"}}, {"model": "auth.permission", "pk": 47, "fields": {"name": "Can delete nonce", "content_type": 12, "codename": "delete_nonce"}}, {"model": "auth.permission", "pk": 48, "fields": {"name": "Can view nonce", "content_type": 12, "codename": "view_nonce"}}, {"model": "auth.permission", "pk": 49, "fields": {"name": "Can add user social auth", "content_type": 13, "codename": "add_usersocialauth"}}, {"model": "auth.permission", "pk": 50, "fields": {"name": "Can change user social auth", "content_type": 13, "codename": "change_usersocialauth"}}, {"model": "auth.permission", "pk": 51, "fields": {"name": "Can delete user social auth", "content_type": 13, "codename": "delete_usersocialauth"}}, {"model": "auth.permission", "pk": 52, "fields": {"name": "Can view user social auth", "content_type": 13, "codename": "view_usersocialauth"}}, {"model": "auth.permission", "pk": 53, "fields": {"name": "Can add partial", "content_type": 14, "codename": "add_partial"}}, {"model": "auth.permission", "pk": 54, "fields": {"name": "Can change partial", "content_type": 14, "codename": "change_partial"}}, {"model": "auth.permission", "pk": 55, "fields": {"name": "Can delete partial", "content_type": 14, "codename": "delete_partial"}}, {"model": "auth.permission", "pk": 56, "fields": {"name": "Can view partial", "content_type": 14, "codename": "view_partial"}}, {"model": "auth.permission", "pk": 57, "fields": {"name": "Can add shop user profile", "content_type": 15, "codename": "add_shopuserprofile"}}, {"model": "auth.permission", "pk": 58, "fields": {"name": "Can change shop user profile", "content_type": 15, "codename": "change_shopuserprofile"}}, {"model": "auth.permission", "pk": 59, "fields": {"name": "Can delete shop user profile", "content_type": 15, "codename": "delete_shopuserprofile"}}, {"model": "auth.permission", "pk": 60, "fields": {"name": "Can view shop user profile", "content_type": 15, "codename": "view_shopuserprofile"}}, {"model": "auth.permission", "pk": 61, "fields": {"name": "Can add заказ", "content_type": 16, "codename": "add_order"}}, {"model": "auth.permission", "pk": 62, "fields": {"name": "Can change заказ", "content_type": 16, "codename": "change_order"}}, {"model": "auth.permission", "pk": 63, "fields": {"name": "Can delete заказ", "content_type": 16, "codename": "delete_order"}}, {"model": "auth.permission", "pk": 64, "fields": {"name": "Can view заказ", "content_type": 16, "codename": "view_order"}}, {"model": "auth.permission", "pk": 65, "fields": {"name": "Can add order item", "content_type": 17, "codename": "add_orderitem"}}, {"model": "auth.permission", "pk": 66, "fields": {"name": "Can change order item", "content_type": 17, "codename": "change_orderitem"}}, {"model": "auth.permission", "pk": 67, "fields": {"name": "Can delete order item", "content_type": 17, "codename": "delete_orderitem"}}, {"model": "auth.permission", "pk": 68, "fields": {"name": "Can view order item", "content_type": 17, "codename": "view_orderitem"}}, {"model": "sessions.session", "pk": "2qsu6405ciibdaxpyps09gpbae68h1ep", "fields": {"session_data": ".eJxVjMsOgjAQRf-la9PQTulQl-79hqbzQFADCYWV8d-VhIVu7znnvkwu2zrkreqSRzFnE83pd6PCD512IPcy3WbL87QuI9ldsQet9jqLPi-H-3cwlDp865acYtME6iF0HEGJSwoaG_QMAgwpqg89ePEOKTlKPQsiOmxjJ7GY9wfhtTeu:1n85DS:Wq06kDB8KuaYF-ks8f9lm9JqjkBS5Y0UqM_Jl8yQ9ow", "expire_date": "2022-01-27T18:52:54.506Z"}}, {"model": "sessions.session", "pk": "qxtkunl1w9rufqq417cicb7h6eu47l25", "fields": {"session_data": ".eJxVjLEOgjAURf-lsyItLRRHExKN4mDU6EReXytgDTVSjcb479LExfXcc-6bdObpyZRMyIg87NjB3Tes6j14M9Bia6-zLdsVO67npxr4AktnV_ujWL_4YbkZoioU1b03t6rVQ0L_mQK0pguDPkNXuwhd52-tioIS_dY-Kp02l9nP_TtooG9CrURqkCOnkEjIuKAxk5JimuRCKZACE53FJkNM8zzTFGMpINFa5ZwxSU_k8wXYKEuv:1nAF3e:2-l8q0LwLSLe4b_j868Ug7eP1DFF7QawFKIEHHwTGVM", "expire_date": "2022-02-02T17:47:42.921Z"}}, {"model": "sessions.session", "pk": "rogsqxebfss0zbd000v6jbeuogsmrhpg", "fields": {"session_data": "eyJuZXh0IjoiLyIsInZrLW9hdXRoMl9zdGF0ZSI6ImRORGlSUU1nR0ZMTDNjT2dhdHE4Wlp2eGdWeGJtY0I3In0:1n9q2V:Chw-3hmqqzf9kIqjX7yjwr__mnn4SklN8DM_iT2bqJ0", "expire_date": "2022-02-01T15:04:51.243Z"}}, {"model": "productsapp.productcategory", "pk": 1, "fields": {"name": "Дом", "description": "Все для дома", "create_at": "2021-12-20T12:27:44.946Z", "update_at": "2022-01-05T09:25:59.616Z", "is_active": true}}, {"model": "productsapp.productcategory", "pk": 2, "fields": {"name": "Офис", "description": "", "create_at": "2021-12-20T12:27:44.948Z", "update_at": "2021-12-20T12:27:44.948Z", "is_active": true}}, {"model": "productsapp.productcategory", "pk": 3, "fields": {"name": "Модерн", "description": "", "create_at": "2021-12-20T12:27:44.949Z", "update_at": "2021-12-20T12:27:44.949Z", "is_active": true}}, {"model": "productsapp.productcategory", "pk": 4, "fields": {"name": "Классика", "description": "", "create_at": "2021-12-20T12:27:44.951Z", "update_at": "2022-01-05T08:12:27.409Z", "is_active": true}}, {"model": "productsapp.productcategory", "pk": 5, "fields": {"name": "Лофт", "description": "ssds", "create_at": "2022-01-04T15:27:14.145Z", "update_at": "2022-01-04T15:34:32.506Z", "is_active": false}}, {"model": "productsapp.product", "pk": 1, "fields": {"category": 1, "name": "Квадратный стул", "image": "products_images/product-4.jpg", "short_desc": "Удобный квадратный стул", "description": "", "price": "1960.90", "quantity": 9, "is_active": true}}, {"model": "productsapp.product", "pk": 2, "fields": {"category": 1, "name": "Часы в дом", "image": "products_images/product-4-sm.jpg", "short_desc": "Удивительные часы", "description": "Удивительный стул красного цвета. Удивительный стул красного цвета. \r\nУдивительный стул красного цвета.", "price": "599.90", "quantity": 4, "is_active": true}}, {"model": "productsapp.product", "pk": 3, "fields": {"category": 2, "name": "Часы в офис", "image": "products_images/product-4-sm_9xV4hTk.jpg", "short_desc": "Часы часы", "description": "", "price": "1500.00", "quantity": 10, "is_active": true}}, {"model": "productsapp.product", "pk": 4, "fields": {"category": 3, "name": "Стулья", "image": "products_images/product-2.jpg", "short_desc": "Стулья стулья", "description": "", "price": "999.00", "quantity": 3, "is_active": true}}, {"model": "productsapp.product", "pk": 5, "fields": {"category": 3, "name": "лампа", "image": "products_images/product-31.jpg", "short_desc": "какая-то лампа", "description": "какая-то лампа, какая-то лампа, какая-то лампа, какая-то лампа", "price": "6500.00", "quantity": 10, "is_active": true}}, {"model": "productsapp.product", "pk": 6, "fields": {"category": 2, "name": "Стул белый", "image": "products_images/product-21.jpg", "short_desc": "стульчик белый", "description": "стул стул стул стул стул стул стул стул стул", "price": "3500.00", "quantity": 10, "is_active": true}}, {"model": "productsapp.product", "pk": 7, "fields": {"category": 1, "name": "Бра", "image": "products_images/product-41.jpg", "short_desc": "бра настенное", "description": "бра бра бра. Большое описание.", "price": "1500.00", "quantity": 10, "is_active": true}}, {"model": "productsapp.product", "pk": 8, "fields": {"category": 1, "name": "Чайник наклонный", "image": "products_images/product-3.jpg", "short_desc": "Фик пойми что", "description": "", "price": "100.00", "quantity": 5, "is_active": true}}, {"model": "productsapp.product", "pk": 9, "fields": {"category": 4, "name": "Тест без картинки", "image": "", "short_desc": "текст", "description": "", "price": "10.00", "quantity": 1, "is_active": false}}, {"model": "authapp.shopuser", "pk": 1, "fields": {"password": "pbkdf2_sha256$260000$a9XSskj1pUoI3301Jokwoz$q8ol4scORxiPqiJOq8OrAOMo5cL6RQbTHhcGddRzSVI=", "last_login": "2022-01-19T17:47:42.909Z", "is_superuser": true, "username": "admin", "first_name": "Админ", "last_name": "", "email": "django@geekshop.local", "is_staff": true, "is_active": true, "date_joined": "2021-12-20T12:27:44Z", "avatar": "", "age": 30, "activation_key": "", "activation_key_expires": "2022-01-15T17:09:40.340Z", "groups": [], "user_permissions": []}}, {"model": "authapp.shopuser", "pk": 2, "fields": {"password": "pbkdf2_sha256$260000$Nk1MGbunfYHRoS3Xf1BAMs$jdeGliaeCjcXDz3LhvNEvDqdpUqbOlhEXWBZaqjRnKI=", "last_login": "2021-12-25T17:40:14Z", "is_superuser": false, "username": "user1", "first_name": "User1", "last_name": "user1user1", "email": "user@mail.ru", "is_staff": false, "is_active": true, "date_joined": "2021-12-20T15:39:24Z", "avatar": "", "age": 21, "activation_key": "", "activation_key_expires": "2022-01-15T17:09:40.340Z", "groups": [], "user_permissions": []}}, {"model": "authapp.shopuser", "pk": 3, "fields": {"password": "pbkdf2_sha256$260000$qOsgPWINqNPvIEL2HzxFkR$ZWdR4yLz2LBQkfNqPLL5rOmrjznm3F7lyL6enUgtqFw=", "last_login": "2022-01-18T09:44:13.623Z", "is_superuser": false, "username": "user2", "first_name": "Test2 user", "last_name": "", "email": "net@lipsat.ru", "is_staff": false, "is_active": true, "date_joined": "2022-01-05T09:44:44Z", "avatar": "users_avatars/controll1.jpg", "age": 55, "activation_key": "", "activation_key_expires": "2022-01-15T17:09:40.340Z", "groups": [], "user_permissions": []}}, {"model": "authapp.shopuser", "pk": 4, "fields": {"password": "pbkdf2_sha256$260000$9BWkrpmSwdqoYn0Zct1Ijd$hoSV2bbHkdeI72ASm02qhmxA1zshlU54JSPGG9jHTDk=", "last_login": null, "is_superuser": false, "username": "user3", "first_name": "Vasiliy", "last_name": "", "email": "net@lipsat.ru", "is_staff": false, "is_active": false, "date_joined": "2022-01-13T18:10:51.288Z", "avatar": "", "age": 33, "activation_key": "dba82e7168bee7a34320a2181efcb7b82fb08c79", "activation_key_expires": "2022-01-15T18:10:44.973Z", "groups": [], "user_permissions": []}}, {"model": "authapp.shopuser", "pk": 5, "fields": {"password": "pbkdf2_sha256$260000$TnOPcTmTsT58t94AVneguf$104FpZsUFjH1QCgVeGDIpb/Bxp+1bdW8vCQQbqnQWw0=", "last_login": null, "is_superuser": false, "username": "user4", "first_name": "Vasiliy", "last_name": "", "email": "net@lipsat.ru", "is_staff": false, "is_active": false, "date_joined": "2022-01-13T18:12:21.153Z", "avatar": "", "age": 33, "activation_key": "bc7f0ea4f265a6b9b1e2a93c2ee2609d0ec58f8a", "activation_key_expires": "2022-01-15T18:11:59.941Z", "groups": [], "user_permissions": []}}, {"model": "authapp.shopuser", "pk": 6, "fields": {"password": "pbkdf2_sha256$260000$zDt0lVoztj4W2fJCdTDjqH$JsYaxQuuuexw0HW0XiqRbI6wLsB/8KGLG8s1irEi0j0=", "last_login": "2022-01-13T18:52:54.496Z", "is_superuser": false, "username": "user5", "first_name": "Vasiliy", "last_name": "", "email": "net@lipsat.ru", "is_staff": false, "is_active": true, "date_joined": "2022-01-13T18:13:42.936Z", "avatar": "", "age": 33, "activation_key": "37e3ffba40cecfa11b944d397b45dbe01af23d79", "activation_key_expires": "2022-01-15T18:13:29.595Z", "groups": [], "user_permissions": []}}, {"model": "authapp.shopuser", "pk": 8, "fields": {"password": "pbkdf2_sha256$260000$rqjVT2zDAMdAnQ6ycLrGCx$uEUjVrlRUY8OZl1eHl70nz57gh6LfJoobluVi4GgXpw=", "last_login": null, "is_superuser": false, "username": "user6", "first_name": "User", "last_name": "", "email": "net@lipsat.ru", "is_staff": false, "is_active": false, "date_joined": "2022-01-18T09:48:17.842Z", "avatar": "", "age": 22, "activation_key": "a528ba9e22534d0392400faaadcef8ebe5886a16", "activation_key_expires": "2022-01-20T09:46:58.153Z", "groups": [], "user_permissions": []}}, {"model": "authapp.shopuser", "pk": 9, "fields": {"password": "pbkdf2_sha256$260000$HwlUpCnZaep48iDNmtU2D5$yeLUgTPitu+eF47diMsTeWENB3m19HEUblbBaT6KjNw=", "last_login": null, "is_superuser": false, "username": "user7", "first_name": "User", "last_name": "", "email": "net@lipsat.ru", "is_staff": false, "is_active": false, "date_joined": "2022-01-18T14:37:20.768Z", "avatar": "", "age": 99, "activation_key": "65bc14a38f97f5837674386d5551d1d81b4ab732", "activation_key_expires": "2022-01-20T14:19:25.384Z", "groups": [], "user_permissions": []}}, {"model": "authapp.shopuser", "pk": 10, "fields": {"password": "!67fwdctyclMixvOHSB2q1IorrbvrtEaLHjzATcRK", "last_login": "2022-01-18T16:01:09.623Z", "is_superuser": false, "username": "id699333076", "first_name": "Умныйдом", "last_name": "Смарт", "email": "", "is_staff": false, "is_active": true, "date_joined": "2022-01-18T15:50:40.894Z", "avatar": "", "age": 38, "activation_key": "", "activation_key_expires": "2022-01-20T15:50:34.258Z", "groups": [], "user_permissions": []}}, {"model": "authapp.shopuser", "pk": 11, "fields": {"password": "pbkdf2_sha256$260000$g29EZCGjzkf28kNFk7dRg1$q8tzE2QH7ZGnITrfDXJd1OPjPYIkBz1Pe8iN3OHe3dw=", "last_login": null, "is_superuser": false, "username": "user8", "first_name": "User", "last_name": "", "email": "net@lipsat.ru", "is_staff": false, "is_active": false, "date_joined": "2022-01-19T09:56:18.300Z", "avatar": "", "age": 33, "activation_key": "044d2024c2339fbb4b20b3574ee3dd1cb98469cb", "activation_key_expires": "2022-01-21T09:56:18.395Z", "groups": [], "user_permissions": []}}, {"model": "authapp.shopuserprofile", "pk": 1, "fields": {"user": 1, "tagline": "", "about_me": "", "gender": "", "vk_page": ""}}, {"model": "authapp.shopuserprofile", "pk": 2, "fields": {"user": 2, "tagline": "", "about_me": "", "gender": "", "vk_page": ""}}, {"model": "authapp.shopuserprofile", "pk": 3, "fields": {"user": 3, "tagline": "", "about_me": "", "gender": "", "vk_page": ""}}, {"model": "authapp.shopuserprofile", "pk": 4, "fields": {"user": 4, "tagline": "", "about_me": "", "gender": "", "vk_page": ""}}, {"model": "authapp.shopuserprofile", "pk": 5, "fields": {"user": 5, "tagline": "", "about_me": "", "gender": "", "vk_page": ""}}, {"model": "authapp.shopuserprofile", "pk": 6, "fields": {"user": 6, "tagline": "", "about_me": "", "gender": "", "vk_page": ""}}, {"model": "authapp.shopuserprofile", "pk": 8, "fields": {"user": 8, "tagline": "", "about_me": "", "gender": "", "vk_page": ""}}, {"model": "authapp.shopuserprofile", "pk": 9, "fields": {"user": 9, "tagline": "", "about_me": "", "gender": "", "vk_page": ""}}, {"model": "authapp.shopuserprofile", "pk": 10, "fields": {"user": 10, "tagline": "", "about_me": "", "gender": "M", "vk_page": "id699333076"}}, {"model": "authapp.shopuserprofile", "pk": 11, "fields": {"user": 11, "tagline": "", "about_me": "", "gender": "", "vk_page": ""}}, {"model": "basketapp.basket", "pk": 2, "fields": {"user": 2, "product": 3, "quantity": 4, "add_datetime": "2021-12-22T07:26:59.409Z"}}, {"model": "basketapp.basket", "pk": 3, "fields": {"user": 2, "product": 5, "quantity": 2, "add_datetime": "2021-12-25T18:07:56.545Z"}}, {"model": "basketapp.basket", "pk": 5, "fields": {"user": 2, "product": 6, "quantity": 1, "add_datetime": "2021-12-25T18:15:04.098Z"}}, {"model": "ordersapp.order", "pk": 1, "fields": {"user": 1, "created": "2022-01-22T07:17:00.912Z", "updated": "2022-01-22T07:36:07.410Z", "status": "STP", "is_active": true}}, {"model": "ordersapp.order", "pk": 2, "fields": {"user": 1, "created": "2022-01-24T13:14:15.511Z", "updated": "2022-01-25T03:53:06.289Z", "status": "FM", "is_active": false}}, {"model": "ordersapp.order", "pk": 3, "fields": {"user": 1, "created": "2022-01-25T03:56:24.346Z", "updated": "2022-01-25T03:56:35.292Z", "status": "FM", "is_active": false}}, {"model": "ordersapp.order", "pk": 4, "fields": {"user": 1, "created": "2022-01-25T04:56:44.922Z", "updated": "2022-01-25T04:57:05.781Z", "status": "FM", "is_active": false}}, {"model": "ordersapp.order", "pk": 5, "fields": {"user": 1, "created": "2022-01-25T04:59:35.780Z", "updated": "2022-01-25T07:56:20.029Z", "status": "FM", "is_active": true}}, {"model": "ordersapp.orderitem", "pk": 2, "fields": {"order": 1, "product": 1, "quantity": 2}}, {"model": "ordersapp.orderitem", "pk": 6, "fields": {"order": 5, "product": 8, "quantity": 2}}, {"model": "ordersapp.orderitem", "pk": 7, "fields": {"order": 5, "product": 1, "quantity": 1}}, {"model": "ordersapp.orderitem", "pk": 8, "fields": {"order": 5, "product": 2, "quantity": 1}}, {"model": "social_django.usersocialauth", "pk": 2, "fields": {"user": 10, "provider": "vk-oauth2", "uid": "699333076", "extra_data": "{\"auth_time\": 1642521669, \"id\": 699333076, \"expires\": 86400, \"access_token\": \"52087587951df79759abb9da15764e649cc2d1af534b8707215cea1e0a046fb5757cb252fa86521bcefd1\", \"token_type\": null}", "created": "2022-01-18T15:50:41.088Z", "modified": "2022-01-18T16:01:09.617Z"}}]